﻿{"cameraMode":{"drawMode":0,"name":"Shaded","section":"Shading Mode"},"sceneLighting":true,"audioPlay":false,"sceneViewState":{"showFog":true,"showMaterialUpdate":false,"showSkybox":true,"showFlares":true,"showImageEffects":true,"showParticleSystems":true},"in2DMode":false,"pivot":{"x":-3.3401660919189455,"y":4.568260192871094,"z":-3.849470376968384},"rotation":{"x":0.16484218835830689,"y":-0.46867719292640688,"z":-0.08949864655733109,"w":-0.8632258176803589},"size":1.747542381286621,"orthographic":false}